0001,"{'Lon': 37.6020183, 'Lat': 55.7449006}",ст. м. Кропоткинская (выход к Гоголевскому бульвару),12,0
0387,"{'Lon': 37.5205529, 'Lat': 55.6337498}","ул. Профсоюзная, д.109, Вс.1 (ст. м. Коньково, выход №10)",12,0
0405,"{'Lon': 37.59239, 'Lat': 55.7812396}","ул. Новолесная, д.1/49",12,0
0411,"{'Lon': 37.6144726, 'Lat': 55.7817849}","ул. Селезнёвская, д.29, стр.1 (ст. м. Достоевская)",18,0
0413,"{'Lon': 37.6044645, 'Lat': 55.7896632}","ул. Новосущёвская, д.22, стр.8",12,0
0414,"{'Lon': 37.609836, 'Lat': 55.78921}","ул. Образцова, д.19А",12,0
0003,"{'Lon': 37.6005927778, 'Lat': 55.7509180556}",Гоголевский б-р (напротив д.33),12,0
0007,"{'Lon': 37.6086772, 'Lat': 55.7574181}","Газетный пер., д.6",30,0
0008,"{'Lon': 37.601473, 'Lat': 55.761072}","Тверской б-р (напротив д.17, стр.1)",14,0
0009,"{'Lon': 37.6052356, 'Lat': 55.7646115}",Тверской б-р (напротив д.28),20,0
0010,"{'Lon': 37.6094894444, 'Lat': 55.7667105556}",Страстной б-р (напротив д.8А),14,0
0016,"{'Lon': 37.6316201, 'Lat': 55.7599141}","ул. Мясницкая, д.10",10,0
0018,"{'Lon': 37.645665, 'Lat': 55.760381}","Чистопрудный б-р (напротив д.12, стр.1)",14,0
0021,"{'Lon': 37.6473502778, 'Lat': 55.7533283333}","Покровский б-р (напротив д.18, стр.18)",8,0
0013,"{'Lon': 37.6257601, 'Lat': 55.7598405}","Театральный пр., д.5, стр.1 (ст. м. Лубянка)",14,0
0200,"{'Lon': 37.596925, 'Lat': 55.7335583333}",Фрунзенская наб. (напротив д.4),16,0
0201,"{'Lon': 37.5898638889, 'Lat': 55.7257472222}",Фрунзенская наб. (пересеч. с 1-ой Фрунзенской ул.),32,0
0204,"{'Lon': 37.5864, 'Lat': 55.72175}",Фрунзенская наб. (пересеч. со 2-й Фрунзенской ул.),12,0
0206,"{'Lon': 37.5834861111, 'Lat': 55.7191972222}",Фрунзенская наб. (пересеч. с 3-ей Фрунзенской ул.),14,0
0207,"{'Lon': 37.5779888889, 'Lat': 55.7155083333}","Фрунзенская наб., д.54 (пересеч. с ул. Хамовнический Вал)",32,0
0210,"{'Lon': 37.5695222222, 'Lat': 55.7125583333}",Лужнецкая наб. (пересеч. с Новолужнецким пр.),45,0
0100,"{'Lon': 37.5937289, 'Lat': 55.7351049}","Зубовский б-р, д.5, стр.1 (ст. м. Парк Культуры)",42,0
0202,"{'Lon': 37.583821, 'Lat': 55.727509}",Комсомольский пр-т (пересеч. с 1-ой Фрунзенской ул.),12,0
0203,"{'Lon': 37.579058, 'Lat': 55.724242}",Комсомольский пр-т (пересеч. со 2-ой Фрунзенской ул.),9,0
0205,"{'Lon': 37.575858, 'Lat': 55.721972}",Комсомольский пр-т (пересеч. с 3-ей Фрунзенской ул.),12,0
0209,"{'Lon': 37.561961, 'Lat': 55.721468}",ст. м. Спортивная (выход №1),30,24
0211,"{'Lon': 37.56075, 'Lat': 55.71227}",ст. м. Воробьёвы горы (Лужники),48,0
0216,"{'Lon': 37.581356, 'Lat': 55.736464}",ул. Большая Пироговская (напротив д.6/25),12,0
0215,"{'Lon': 37.575489, 'Lat': 55.733867}","ул. Большая Пироговская (напротив д.15/18, стр.1)",21,0
0218,"{'Lon': 37.580778, 'Lat': 55.726481}","Комсомольский пр-т, д.28 (ст. м. Фрунзенская)",24,0
0214,"{'Lon': 37.569297, 'Lat': 55.731139}","ул. Большая Пироговская, д.2, стр.4",12,0
0213,"{'Lon': 37.559608, 'Lat': 55.726908}",ул. Большая Пироговская (на площади Новодевичьего Монастыря),18,0
0219,"{'Lon': 37.570481, 'Lat': 55.719322}","Комсомольский пр-т, д.48/22 (дублёр, пересеч. с ул. Хамовнический Вал)",12,0
0120,"{'Lon': 37.614186, 'Lat': 55.773194}","ул. Садовая-Самотечная, д.8",12,0
0125,"{'Lon': 37.632814, 'Lat': 55.772192}","Большая Сухаревская пл., д.2 (ст. м. Сухаревская)",24,0
0415,"{'Lon': 37.5905396, 'Lat': 55.7914268}","ул. Сущёвский Вал, д.2",21,0
0452,"{'Lon': 37.637625, 'Lat': 55.843473}",ст. м. Ботанический сад (выход №4),24,0
0421,"{'Lon': 37.6170397, 'Lat': 55.787541}","ул. Советской Армии, д.8",15,0
0423,"{'Lon': 37.6155506, 'Lat': 55.8032637}","ул. Шереметьевская, д.27",21,0
0431,"{'Lon': 37.6225279, 'Lat': 55.7861479}","Олимпийский пр-т, д.22",12,0
0432,"{'Lon': 37.6290169, 'Lat': 55.7886534}","ул. Щепкина, д.61/2, стр.22",12,0
0440,"{'Lon': 37.6334722, 'Lat': 55.7804054}","пр-т Мира, д.40 (рядом со ст. м. Проспект Мира (кольцевая))",24,0
0442,"{'Lon': 37.6347031, 'Lat': 55.7865412}","пр-т Мира, д.69, стр.1",12,0
0451,"{'Lon': 37.6365455, 'Lat': 55.837238}","ул. Сельскохозяйственная, д.17, к.1",12,0
0460,"{'Lon': 37.5765806, 'Lat': 55.7835199}","ул. Правды, д.4/19",12,0
0461,"{'Lon': 37.6465038, 'Lat': 55.7720802}","Орликов пер., д.3, стр.7 (со стороны пр-та Академика Сахарова)",12,0
0462,"{'Lon': 37.6548139, 'Lat': 55.7723539}","Рязанский пр., Комсомольская пл., д.2",12,0
0483,"{'Lon': 37.6591375, 'Lat': 55.7766712}","Комсомольская пл., д.5",32,0
0430,"{'Lon': 37.6225146, 'Lat': 55.7791071}","Олимпийский пр-т, д.14",21,0
0317,"{'Lon': 37.587744, 'Lat': 55.712075}","Ленинский пр-т, д.33",12,0
0351,"{'Lon': 37.572725, 'Lat': 55.6880358}","ул. Дмитрия Ульянова, д.22, к.1 (ст. м. Академическая)",18,21
0439,"{'Lon': 37.6320952, 'Lat': 55.7761657}","пр-т Мира, д.11",12,0
0250,"{'Lon': 37.5393069, 'Lat': 55.7481479}","Пресненская наб., д.6, стр.2 (Москва-Сити, башня Империя)",14,21
0391,"{'Lon': 37.6066403, 'Lat': 55.6636625}","Нахимовский пр-т, д.11 (ст. м. Нахимовский пр-т, выход №4)",12,0
0396,"{'Lon': 37.5953863, 'Lat': 55.6794909}","ул. Дмитрия Ульянова, д.46",12,0
0338,"{'Lon': 37.5268164, 'Lat': 55.6667781}",ул. Новаторов (пересечение с ул. Воронцовские Пруды),15,0
0326,"{'Lon': 37.5807208, 'Lat': 55.6534724}","ул. Каховка, д.10/12, к.1",12,0
0337,"{'Lon': 37.5341468, 'Lat': 55.668303}","ул. Академика Пилюгина, д.18",12,0
0328,"{'Lon': 37.604728, 'Lat': 55.6416745}","Балаклавский пр-т, д.16 (ст. м. Чертановская, выход №3)",18,0
0307,"{'Lon': 37.5775101, 'Lat': 55.7012679}","ул. Вавилова, д.24",12,0
0208,"{'Lon': 37.565242, 'Lat': 55.723833}","ул. 10-летия Октября (напротив д.29, к.3, ст. м. Спортивная, выход №2)",18,0
0028,"{'Lon': 37.6248436, 'Lat': 55.7606867}","ул. Пушечная, д.11",12,0
0301,"{'Lon': 37.545765, 'Lat': 55.700717}","пр-т Вернадского, ост. Университетский пр-т",12,0
0345,"{'Lon': 37.576594, 'Lat': 55.708218}","ул. Косыгина, д.2, стр.19",12,0
0344,"{'Lon': 37.564743, 'Lat': 55.706876}","ул. Косыгина, д.8, стр.2",12,0
0350,"{'Lon': 37.562443, 'Lat': 55.691614}","ул. Вавилова, д.55/7",21,0
0362,"{'Lon': 37.561994, 'Lat': 55.678516}","Нахимовский пр-т, д.46 (ст. м. Профсоюзная, выход №3)",21,0
0023,"{'Lon': 37.632794, 'Lat': 55.749635}","Москворецкая наб. (Китайгородский пр., д.9, стр.2)",27,0
0038,"{'Lon': 37.634929, 'Lat': 55.7576991}","ул. Маросейка, д.9",12,0
0077,"{'Lon': 37.62838, 'Lat': 55.73876}","ул. Пятницкая, д.37",10,0
0119,"{'Lon': 37.6086074, 'Lat': 55.7735332}","ул. Краснопролетарская (напротив д.2/4, стр.3)",12,0
0073,"{'Lon': 37.6195157, 'Lat': 55.7362414}","ул. Большая Полянка, д.33/41, стр.1",18,0
0246,"{'Lon': 37.5622227, 'Lat': 55.7490298}","Кутузовский пр-т, д.7/4, стр.1",12,0
0363,"{'Lon': 37.5838691, 'Lat': 55.6712381}","Нахимовский пр-т, д.24",12,0
0364,"{'Lon': 37.5201069, 'Lat': 55.6836121}","ул. Марии Ульяновой, д.16",12,0
0365,"{'Lon': 37.5326129, 'Lat': 55.6787267}","ул. Гарибальди, д.1А",12,0
0368,"{'Lon': 37.6080312, 'Lat': 55.6592363}","Симферопольский б-р, д.4",12,0
0370,"{'Lon': 37.5389143, 'Lat': 55.6649089}","ул. Воронцовские Пруды, д.3",12,0
0371,"{'Lon': 37.5595989, 'Lat': 55.6608021}","ул. Новочерёмушкинская, д.71/32",12,0
0029,"{'Lon': 37.60962, 'Lat': 55.762079}","ул. Тверская, д.8",20,0
0357,"{'Lon': 37.523769, 'Lat': 55.699342}","Ломоносовский пр-т (дублёр), д.27",12,0
0043,"{'Lon': 37.59311, 'Lat': 55.763584}","Большой Патриарший пер., д.7",12,0
0374,"{'Lon': 37.5529893, 'Lat': 55.6512748}","ул. Обручева, д.33А",12,0
0375,"{'Lon': 37.5639941, 'Lat': 55.6502405}","ул. Обручева, д.65/54",12,0
0376,"{'Lon': 37.5820766, 'Lat': 55.6450878}","Балаклавский пр-т, д.34, к.1",12,0
0381,"{'Lon': 37.5137244, 'Lat': 55.6477514}","ул. Академика Волгина, д.21",12,0
0384,"{'Lon': 37.5308314, 'Lat': 55.634235}","ул. Введенского, д.32",15,0
0385,"{'Lon': 37.4953587, 'Lat': 55.6440884}","ул. Островитянова, д.7",12,0
0420,"{'Lon': 37.6163822, 'Lat': 55.785259}","ул. Советской Армии, д.2, стр.1",12,0
0441,"{'Lon': 37.6317848, 'Lat': 55.7815506}","пр-т Мира, д.41, стр.2",21,0
0444,"{'Lon': 37.6393391, 'Lat': 55.8195275}","пр-т Мира, д.111 (ст. м. ВДНХ, выход к Звёздному бульвару)",24,0
0445,"{'Lon': 37.647529, 'Lat': 55.8277664}","ул. Сергея Эйзенштейна, д.1",12,0
0446,"{'Lon': 37.6541501, 'Lat': 55.8339685}","пр-т Мира, д.163",12,0
0470,"{'Lon': 37.623526, 'Lat': 55.8217153}","ул. Академика Королёва, д.8А",21,0
0480,"{'Lon': 37.5802, 'Lat': 55.82188}","ул. Яблочкова, д.25",12,0
0481,"{'Lon': 37.5805768, 'Lat': 55.8278585}","ул. Милашенкова, д.12Д",12,0
0482,"{'Lon': 37.5942708, 'Lat': 55.8133394}","ул. Руставели, д.12/13",12,0
0389,"{'Lon': 37.4954392, 'Lat': 55.6558941}","ул. 26-ти Бакинских Комиссаров, д.2Б",12,0
0464,"{'Lon': 37.6010653, 'Lat': 55.8302838}","ул. Ботаническая, д.4, стр.6",45,0
0465,"{'Lon': 37.617075, 'Lat': 55.8243764}","1-я Останкинская ул., д.1",30,0
0466,"{'Lon': 37.6391911, 'Lat': 55.825363}",Продольный пр. (у главного входа ВДНХ),48,0
0469,"{'Lon': 37.6159792, 'Lat': 55.8189299}","ул. Академика Королёва, д.15, к.2",12,0
0080,"{'Lon': 37.6265178, 'Lat': 55.7456921}","ул. Пятницкая, д.2/38",12,0
0081,"{'Lon': 37.6333164, 'Lat': 55.7398418}","ул. Большая Татарская, д.19/13",18,0
0084,"{'Lon': 37.6352882, 'Lat': 55.7373622}","ул. Большая Татарская, д.35",12,0
0085,"{'Lon': 37.645458, 'Lat': 55.7483533}","Котельническая наб., д.1",18,0
0060,"{'Lon': 37.6331175, 'Lat': 55.7617374}","ул. Мясницкая, д.11",12,0
0390,"{'Lon': 37.5192587, 'Lat': 55.6527248}","ул. Академика Волгина, д.6",12,0
0335,"{'Lon': 37.539523, 'Lat': 55.6565141}","ул. Профсоюзная, д.82, к.1 (ст. м. Калужская)",15,0
0336,"{'Lon': 37.5323146, 'Lat': 55.6505176}","ул. Профсоюзная, д.88/20",15,0
0394,"{'Lon': 37.5629419, 'Lat': 55.6771438}","Нахимовский пр-т, д.51/21 (ст. м. Профсоюзная, выход №7)",18,0
0309,"{'Lon': 37.5710478, 'Lat': 55.6651369}",ул. Болотниковская (парк им. 70-ти летия Победы),12,0
0407,"{'Lon': 37.6079968, 'Lat': 55.7806984}","ул. Селезнёвская, д.28",12,0
0245,"{'Lon': 37.56871, 'Lat': 55.74496}","Площадь Киевского вокзала, д.2",18,0
0410,"{'Lon': 37.6089126, 'Lat': 55.778327}","2-й Щемиловский пер., д.14",12,0
0248,"{'Lon': 37.55784, 'Lat': 55.74622}","ул. Б. Дорогомиловская, д.7/2",15,0
0416,"{'Lon': 37.6023012, 'Lat': 55.7924677}","ул. Сущёвский Вал, д.16, стр.1",12,0
0453,"{'Lon': 37.5897749, 'Lat': 55.8459731}",ст. м. Владыкино,36,0
0485,"{'Lon': 37.5741987, 'Lat': 55.8191407}","Дмитровское ш., д.13А, к.3 (ст. м. Тимирязевская)",18,0
0157,"{'Lon': 37.6048252, 'Lat': 55.731981}","ул. Крымский Вал, д.9, стр.1 (напротив входа в Парк Горького)",44,0
0005,"{'Lon': 37.5999825, 'Lat': 55.7553104}","Никитский б-р (напротив д.11/12, стр.3)",12,0
0017,"{'Lon': 37.641671, 'Lat': 55.763247}","Чистопрудный б-р (напротив д.8, стр.1)",8,0
0380,"{'Lon': 37.5006237, 'Lat': 55.6533607}","ул. Миклухо-Маклая, д.6",12,0
0323,"{'Lon': 37.58531, 'Lat': 55.70674}",ст. м. Ленинский проспект (южный вестибюль),36,0
0049,"{'Lon': 37.641517, 'Lat': 55.76728}","ул. Мясницкая, д.39, стр.1",10,0
0603,"{'Lon': 37.657647, 'Lat': 55.7082873}","ул. Мастеркова, д.3 (ст. м. Автозаводская)",15,0
0422,"{'Lon': 37.6158903, 'Lat': 55.792512}","ул. Советской Армии, д.17/52",12,0
0404,"{'Lon': 37.5959992, 'Lat': 55.776466}","ул. Чаянова, д.15",12,0
0004,"{'Lon': 37.5874544, 'Lat': 55.7591806}","ул. Малая Никитская, д.24, стр.2",12,0
0412,"{'Lon': 37.6182931, 'Lat': 55.776646}","ул. Самотечная, д.9",12,0
0475,"{'Lon': 37.6414493, 'Lat': 55.8224303}","Продольный пр., д.115А (ст. м. ВДНХ, северный вестибюль)",24,0
0031,"{'Lon': 37.616547, 'Lat': 55.759165}","ул. Большая Дмитровка, д.2",12,0
0022,"{'Lon': 37.6101276, 'Lat': 55.7464818}","Кремлёвская наб., д.1",27,0
0136,"{'Lon': 37.656429, 'Lat': 55.763292}","ул. Земляной Вал, д.2",12,0
0459,"{'Lon': 37.6520953, 'Lat': 55.7724956}","ул. Каланчёвская, д.15А",12,0
0002,"{'Lon': 37.5997037, 'Lat': 55.7468663}","Гоголевский б-р (напротив д.17, стр.1)",14,0
0305,"{'Lon': 37.5745946, 'Lat': 55.678373}","ул. Кржижановского, вл.22, стр.2",12,0
0039,"{'Lon': 37.642574, 'Lat': 55.759038}","ул. Покровка, д.7/9-11",22,0
0058,"{'Lon': 37.654944, 'Lat': 55.750628}","Серебряническая наб., д.29",12,0
0072,"{'Lon': 37.645943, 'Lat': 55.7364956}","Космодамианская наб., д.46/50",20,0
0349,"{'Lon': 37.535522, 'Lat': 55.706203}",Университетская пл. (напротив ГЗ МГУ),24,0
0382,"{'Lon': 37.526472, 'Lat': 55.642252}","ул. Профсоюзная, д.91 (ст. м. Беляево, южный вестибюль)",18,0
0379,"{'Lon': 37.541377, 'Lat': 55.642636}","ул. Введенского, д.13А",12,0
0343,"{'Lon': 37.554776, 'Lat': 55.706491}","ул. Косыгина, д.18, стр.1",24,0
0318,"{'Lon': 37.5731731, 'Lat': 55.7032184}","Ленинский пр-т, д.45",12,0
0321,"{'Lon': 37.540695, 'Lat': 55.6841473}","Ленинский пр-т, д.79",12,0
0330,"{'Lon': 37.5701523, 'Lat': 55.6843417}","ул. Профсоюзная, д.7/12",12,0
0331,"{'Lon': 37.557668, 'Lat': 55.6736328}","ул. Профсоюзная, д.46, к.1",12,0
0332,"{'Lon': 37.5529925, 'Lat': 55.6689814}","ул. Профсоюзная, д.58/32, к.2 (ст. м. Новые Черёмушки, выход №3)",24,0
0333,"{'Lon': 37.5397093, 'Lat': 55.6560575}","ул. Профсоюзная, д.61А (ст. м. Калужская)",18,0
0443,"{'Lon': 37.636561, 'Lat': 55.8086515}","пр-т Мира, д.97",12,0
0471,"{'Lon': 37.6095579, 'Lat': 55.8218255}","ул. Академика Королёва, д.12Б",12,0
0472,"{'Lon': 37.6299313, 'Lat': 55.8154706}","Звёздный б-р, д.18/1",12,0
0417,"{'Lon': 37.6168972, 'Lat': 55.7935234}","ул. Шереметьевская, д.2 (ст. м. Марьина Роща, выход №5)",12,0
0251,"{'Lon': 37.5409806, 'Lat': 55.7521422}","1-й Красногвардейский пр., д.13, стр.1",12,0
0146,"{'Lon': 37.65385, 'Lat': 55.74229}","ул. Верхняя Радищевская, д.22 (ст. м. Таганская)",12,0
0393,"{'Lon': 37.5708842, 'Lat': 55.6748694}","Нахимовский пр-т, д.45, стр.1",12,0
0236,"{'Lon': 37.5719413, 'Lat': 55.7654099}","ул. Малая Грузинская, д.19/2",18,0
0339,"{'Lon': 37.5145855, 'Lat': 55.6589469}","ул. Обручева, д.16, к.1",12,0
0397,"{'Lon': 37.57295, 'Lat': 55.68685}","ул. Дмитрия Ульянова, д.24 (ст. м. Академическая)",18,0
0489,"{'Lon': 37.679857, 'Lat': 55.789152}",ст. м. Сокольники,24,0
0484,"{'Lon': 37.5880136, 'Lat': 55.8126995}","ул. Руставели (напротив д.6, к.5)",12,0
0528,"{'Lon': 37.53454, 'Lat': 55.80364}","ул. Черняховского, д.4А",12,0
0329,"{'Lon': 37.5372313, 'Lat': 55.6760559}","ул. Гарибальди, д.6, к.1",12,0
0399,"{'Lon': 37.6057778, 'Lat': 55.653513}","Симферопольский б-р, д.15, к.5",12,0
0308,"{'Lon': 37.579688, 'Lat': 55.7015839}","ул. Вавилова, д.17",12,0
0342,"{'Lon': 37.5300029, 'Lat': 55.7233339}","ул. Мосфильмовская, д.1, стр.4",21,0
0487,"{'Lon': 37.6779952, 'Lat': 55.7921729}","Сокольническая пл., д.7",36,0
0478,"{'Lon': 37.6599869, 'Lat': 55.7925135}","ул. Сокольнический Вал, д.8",24,0
0491,"{'Lon': 37.6944615, 'Lat': 55.7940252}","ул. Стромынка, д.13 (пересеч. с ул. Короленко)",15,0
0488,"{'Lon': 37.6759952, 'Lat': 55.7865463}","ул. Маленковская, д.25",12,0
0492,"{'Lon': 37.6994467, 'Lat': 55.7943402}","ул. Стромынка, д.20 (Технологический университет)",15,0
0434,"{'Lon': 37.6363469, 'Lat': 55.8016402}","пр-т Мира, д.102, к.2",18,0
0455,"{'Lon': 37.6661093, 'Lat': 55.7798124}","ул. Краснопрудная, д.13А (ст. м. Красносельская)",24,0
0435,"{'Lon': 37.6376553, 'Lat': 55.807908}","пр-т Мира, д.114Б, стр.2 (ст. м. Алексеевская)",24,0
0457,"{'Lon': 37.6788565, 'Lat': 55.772242}","ул. Бауманская, д.33/2 (ст. м. Бауманская)",21,0
0433,"{'Lon': 37.635781, 'Lat': 55.7922984}","пр-т Мира, д.92, стр.2 (ст. м. Рижская)",30,0
0262,"{'Lon': 37.6220242, 'Lat': 55.7209237}","ул. Люсиновская, д.48/50, к.10 (пересеч. с ул. Павла Андреева)",12,0
0082,"{'Lon': 37.615425, 'Lat': 55.744008}",Болотная пл. (напротив к/т Ударник),27,0
0261,"{'Lon': 37.6197354, 'Lat': 55.7273527}","4-й Добрынинский пер., д.2/10",12,0
0477,"{'Lon': 37.663779, 'Lat': 55.7888271}","3-я Рыбинская ул., д.30",9,0
0527,"{'Lon': 37.5382933, 'Lat': 55.8063388}","ул. Планетная, д.49",15,0
0500,"{'Lon': 37.5212052, 'Lat': 55.7779297}","Хорошёвское ш., д.82 (ст. м. Полежаевская)",21,0
0438,"{'Lon': 37.6531, 'Lat': 55.81177}","ул. Маломосковская, д.22, стр.1",15,0
0019,"{'Lon': 37.647211, 'Lat': 55.757313}","Покровский б-р (напротив д.8, стр.1)",8,0
0030,"{'Lon': 37.612442, 'Lat': 55.759361}","Камергерский пер., д.4",14,0
0386,"{'Lon': 37.520142, 'Lat': 55.6345077}","ул. Островитянова, д.29/120 (ст. м. Коньково, выход №8)",12,0
0406,"{'Lon': 37.6002618, 'Lat': 55.7798721}","ул. Новослободская, д.11, стр.1",12,0
0240,"{'Lon': 37.5757323, 'Lat': 55.7460166}","Смоленская наб., д.2",33,0
0226,"{'Lon': 37.5605165, 'Lat': 55.7540692}","Краснопресненская наб., д.10, стр.5",27,0
0138,"{'Lon': 37.6571565, 'Lat': 55.7610338}","ул. Земляной Вал, д.14/16, стр.1",18,0
0243,"{'Lon': 37.5517684, 'Lat': 55.7331476}","Бережковская наб., д.20, стр.19",12,24
0224,"{'Lon': 37.5465367, 'Lat': 55.748965}","Краснопресненская наб., д.14, стр.1",27,0
0102,"{'Lon': 37.5861519, 'Lat': 55.7383154}","Зубовская пл., д.3, стр.1",24,21
0027,"{'Lon': 37.6046504, 'Lat': 55.7566653}",ул. Большая Никитская (напротив д.13),12,0
0059,"{'Lon': 37.612528, 'Lat': 55.730772}","ул. Большая Якиманка, д.16 (ст. м. Октябрьская (радиальная))",30,0
0128,"{'Lon': 37.6429131, 'Lat': 55.7703931}",ул. Садовая-Спасская (напротив д.26),18,0
0230,"{'Lon': 37.5730793, 'Lat': 55.7724736}","ул. Малая Грузинская, д.41",12,0
0458,"{'Lon': 37.6641747, 'Lat': 55.7671544}","ул. Старая Басманная, д.21/4, стр.1",12,0
0221,"{'Lon': 37.563289, 'Lat': 55.762772}","ул. Красная Пресня, д.31",36,0
0750,"{'Lon': 37.543724, 'Lat': 55.747807}","Краснопресненская наб., д.16, стр.1",12,0
0033,"{'Lon': 37.61731, 'Lat': 55.763407}",Столешников пер. (напротив д.11),10,0
0223,"{'Lon': 37.55125, 'Lat': 55.755955}","ул. Мантулинская, д.5, стр.21",12,0
0222,"{'Lon': 37.558939, 'Lat': 55.75685}","ул. Мантулинская, д.2",12,0
0388,"{'Lon': 37.6192664, 'Lat': 55.6452564}","Варшавское ш., д.100",12,0
0233,"{'Lon': 37.587921, 'Lat': 55.767711}","ул. Гашека, д.2, стр.1",12,0
0395,"{'Lon': 37.5828562, 'Lat': 55.6845728}","ул. Дмитрия Ульянова, д.32А",12,0
0325,"{'Lon': 37.5942492, 'Lat': 55.659118}","ул. Болотниковская, д.34",15,0
0319,"{'Lon': 37.550726, 'Lat': 55.69062}","Ленинский пр-т, д.69",15,0
0272,"{'Lon': 37.622305, 'Lat': 55.710801}","ул. Большая Тульская, д.13",12,0
0150,"{'Lon': 37.629933, 'Lat': 55.730521}","ул. Валовая, д.20",0,30
0144,"{'Lon': 37.65552, 'Lat': 55.749}","ул. Земляной Вал, д.52/16, стр.2",12,0
0244,"{'Lon': 37.576753, 'Lat': 55.740264}","ул. Плющиха, д.39",12,0
0358,"{'Lon': 37.528489, 'Lat': 55.698436}","Ломоносовский пр-т (дублёр), пересечение с ул. Лебедева",12,0
0356,"{'Lon': 37.522672, 'Lat': 55.701742}","Ломоносовский пр-т (дублёр), пересечение с ул. Менделеева",12,0
0353,"{'Lon': 37.6090521, 'Lat': 55.6716545}","ул. Криворожская, д.33Г",12,0
0252,"{'Lon': 37.58823, 'Lat': 55.73311}","ул. Льва Толстого, д.14А",6,0
0378,"{'Lon': 37.594296, 'Lat': 55.636752}","мкрн. Чертаново Северное, д.4, к.401",12,0
0383,"{'Lon': 37.543148, 'Lat': 55.637955}","ул. Миклухо-Маклая, д.44 (вход в Битцевский парк)",18,0
0377,"{'Lon': 37.60489, 'Lat': 55.640518}",ст. м. Чертановская (выход №5),18,0
0234,"{'Lon': 37.581862, 'Lat': 55.769853}","ул. Большая Грузинская, д.39",12,0
0040,"{'Lon': 37.638913, 'Lat': 55.753189}",ул. Солянка (напротив д.8),12,0
0355,"{'Lon': 37.514291, 'Lat': 55.705293}","Ломоносовский пр-т, д.29, к.3 (ст. м. Ломоносовский пр-т, выход №2)",12,0
0352,"{'Lon': 37.530847, 'Lat': 55.701597}",ул. Академика Хохлова (у входа в ГЗ МГУ),36,0
0228,"{'Lon': 37.5457088, 'Lat': 55.7575043}","Шмитовский пр., д.16, стр.2",12,0
0532,"{'Lon': 37.56551, 'Lat': 55.79306}","ул. Верхняя Масловка, д.10, стр.4",15,0
0229,"{'Lon': 37.5525262, 'Lat': 55.764259}","Звенигородское ш., д.7",12,0
0231,"{'Lon': 37.5830376, 'Lat': 55.7770608}","пл. Тверская Застава, д.7",39,0
0334,"{'Lon': 37.5256107, 'Lat': 55.6420084}","ул. Профсоюзная, д.104 (ст. м. Беляево, южный вестибюль)",18,0
0600,"{'Lon': 37.6763299, 'Lat': 55.717707}","ул. Шарикоподшипниковская, д.24 (ст. м. Дубровка, выход №3)",15,0
0408,"{'Lon': 37.5963795, 'Lat': 55.7838658}","ул. Лесная, д.63/43, стр.2",18,0
0271,"{'Lon': 37.621316, 'Lat': 55.7120063}","ул. Мытная, д.74",24,0
0450,"{'Lon': 37.6374584, 'Lat': 55.8334316}","ул. Сергея Эйзенштейна, д.8",21,0
0276,"{'Lon': 37.49521, 'Lat': 55.70393}","ул. Мосфильмовская, д.55",15,0
0463,"{'Lon': 37.6501702, 'Lat': 55.7763965}","ул. Каланчёвская, д.10, стр.3",12,0
0473,"{'Lon': 37.6042362, 'Lat': 55.8218703}","ул. Академика Королёва, д.12А",12,0
0474,"{'Lon': 37.6341961, 'Lat': 55.823283}","1-я Останкинская ул., д.55",24,0
0149,"{'Lon': 37.637229, 'Lat': 55.7299466}","Павелецкая пл., д.1А",12,0
0260,"{'Lon': 37.6250142, 'Lat': 55.7266781}","ул. Б.Серпуховская, д. 22/21, стр.3 (ст. м. Серпуховская)",12,0
0050,"{'Lon': 37.599867, 'Lat': 55.752609}","ул. Новый Арбат, д.1",18,0
0034,"{'Lon': 37.631618, 'Lat': 55.766613}",пл. Сретенские ворота (напротив д.1),21,0
0037,"{'Lon': 37.639141, 'Lat': 55.764719}",Чистопрудный б-р (ст. м. Чистые пруды),24,0
0053,"{'Lon': 37.584725, 'Lat': 55.752153}","ул. Новый Арбат, д.21",18,0
0265,"{'Lon': 37.6178259, 'Lat': 55.7204756}","ул. Мытная, д.15",18,0
0490,"{'Lon': 37.6871517, 'Lat': 55.7919252}","ул. Стромынка, д.7, к.4",21,0
0268,"{'Lon': 37.62786, 'Lat': 55.72113}","ул. Павловская, д.7",12,0
0538,"{'Lon': 37.589078, 'Lat': 55.8218449}","ул. Милашенкова, д.1 (ст. м. Фонвизинская)",24,0
0083,"{'Lon': 37.6167027, 'Lat': 55.7396445}",ул. Большая Якиманка (напротив д.18),18,0
0020,"{'Lon': 37.648355, 'Lat': 55.755462}","Покровский б-р (напротив д.12, стр.1)",8,0
0015,"{'Lon': 37.636329, 'Lat': 55.765334}",Тургеневская пл. (ст. м. Тургеневская),21,0
0267,"{'Lon': 37.637515, 'Lat': 55.726421}","ул. Дубининская, д.25, стр.1",12,0
0057,"{'Lon': 37.6328433, 'Lat': 55.748202}","Раушская наб., д.14",12,0
0006,"{'Lon': 37.598667, 'Lat': 55.757163}",Никитский б-р (напротив д.23/14/9),15,0
0011,"{'Lon': 37.613347, 'Lat': 55.768066}",Страстной б-р (напротив д.16),8,0
0056,"{'Lon': 37.61144, 'Lat': 55.74559}","Берсеневская наб, д.20/2",36,0
0032,"{'Lon': 37.615807, 'Lat': 55.759865}","ул. Большая Дмитровка, д.5/6, стр.5",12,0
0075,"{'Lon': 37.625638, 'Lat': 55.740815}","Климентовский пер., д.23, стр.1 (ст. м. Третьяковская)",16,0
0104,"{'Lon': 37.5852946, 'Lat': 55.7414275}","Смоленский б-р, д.22/14",18,0
0217,"{'Lon': 37.576903, 'Lat': 55.730695}","ул. Усачева, д.2, стр.1",25,0
0074,"{'Lon': 37.620018, 'Lat': 55.73218}","ул. Большая Полянка, д.50/1, стр.1",12,0
0263,"{'Lon': 37.6223722, 'Lat': 55.7241978}","ул. Люсиновская, д.12",12,0
0403,"{'Lon': 37.599413, 'Lat': 55.774431}","ул. Фадеева, д.4",12,0
0225,"{'Lon': 37.5706888, 'Lat': 55.7615452}","ул. Красная Пресня, д.21",15,0
0070,"{'Lon': 37.6202, 'Lat': 55.743048}","Лаврушинский пер. (напротив д.4, стр.1)",12,0
0212,"{'Lon': 37.550435, 'Lat': 55.727595}","Хамовнический Вал, д.40, стр.1",34,0
0035,"{'Lon': 37.623177, 'Lat': 55.762217}","ул. Кузнецкий мост, д.13/9, стр.1",18,0
0479,"{'Lon': 37.6669605, 'Lat': 55.7916073}","ул. Сокольнический Вал (напротив д.28, стр.1)",12,0
0424,"{'Lon': 37.57797, 'Lat': 55.78045}","Ленинградский пр-т, д.14, к.1",21,0
0751,"{'Lon': 37.56245, 'Lat': 55.7637}","ул. 1905 года, д.4, стр.2 (ст. м. Улица 1905 года, выход к ул. Пресненский Вал)",24,0
0310,"{'Lon': 37.578173, 'Lat': 55.707107}","Ленинский пр-т, д.34/1",12,0
0311,"{'Lon': 37.560729, 'Lat': 55.697476}","Ленинский пр-т, д.54",0,12
0232,"{'Lon': 37.586215, 'Lat': 55.7733}","2-я Брестская ул., д.31",12,0
0054,"{'Lon': 37.592209, 'Lat': 55.747411}","пер. Сивцев Вражек, д.26, стр.1",12,0
0401,"{'Lon': 37.589687, 'Lat': 55.775457}","2-я Тверская-Ямская ул., д.54",12,0
0360,"{'Lon': 37.535463, 'Lat': 55.693257}","пл. Джавахарлала Неру, д.1 (ст. м. Университет, выход №2)",33,0
0320,"{'Lon': 37.546468, 'Lat': 55.688153}","Ленинский пр-т, д.73/8",15,0
0313,"{'Lon': 37.550374, 'Lat': 55.691214}","Ленинский пр-т, д.66",12,0
0359,"{'Lon': 37.533756, 'Lat': 55.695176}","Ломоносовский пр-т (дублёр, напротив д.1, стр.64)",18,0
0241,"{'Lon': 37.5776708, 'Lat': 55.7604391}",ст. м. Краснопресненская,12,18
0315,"{'Lon': 37.605352, 'Lat': 55.724388}","Ленинский пр-т, д.9, стр.3",12,0
0024,"{'Lon': 37.6386809, 'Lat': 55.7478923}","Москворецкая наб., д.2А",21,0
0402,"{'Lon': 37.5870704, 'Lat': 55.7772628}","ул. Лесная, д.6",12,0
0312,"{'Lon': 37.556333, 'Lat': 55.694853}","Ленинский пр-т, д.60/2",12,0
0428,"{'Lon': 37.5841, 'Lat': 55.79185}","ул. Нижняя Масловка, д.5, к.1",15,0
0012,"{'Lon': 37.621486, 'Lat': 55.768003}","Цветной б-р (напротив д.1, ст. м. Трубная)",12,0
0122,"{'Lon': 37.6212721, 'Lat': 55.7730885}","Цветной б-р., д.34, стр.1",30,0
0148,"{'Lon': 37.6358074, 'Lat': 55.7310887}","ул. Новокузнецкая, д.43/16, стр.1 (ст. м. Павелецкая (кольцевая))",12,0
0521,"{'Lon': 37.5455944, 'Lat': 55.7950047}","Ленинградский пр-т, д.44",12,0
0047,"{'Lon': 37.6116459, 'Lat': 55.7700911}","ул. Каретный Ряд, д.3, стр.11",12,0
0055,"{'Lon': 37.5896349, 'Lat': 55.7400913}","ул. Пречистенка, д.34",12,0
0071,"{'Lon': 37.6417277, 'Lat': 55.7434283}","Космодамианская наб., д.22, стр.1",12,0
0076,"{'Lon': 37.6286203, 'Lat': 55.7420854}","ул. Пятницкая, д.25, стр.1Д (рядом со ст. м. Новокузнецкая)",16,0
0078,"{'Lon': 37.6276564, 'Lat': 55.7353228}","ул. Пятницкая, д.48, стр.1",12,0
0304,"{'Lon': 37.6121883, 'Lat': 55.7277408}","Калужская пл., д.1, к.3",12,0
0522,"{'Lon': 37.53978, 'Lat': 55.79759}","Ленинградский пр-т, д.54/1",18,0
0510,"{'Lon': 37.52036, 'Lat': 55.80273}","Чапаевский пер., д.2",12,0
0512,"{'Lon': 37.54216, 'Lat': 55.79538}","Ленинградский пр-т, д.39, стр.17",9,0
0237,"{'Lon': 37.5655623, 'Lat': 55.7692458}","ул. Пресненский Вал, д.24",12,0
0300,"{'Lon': 37.5073382, 'Lat': 55.7032223}","Мичуринский пр-т, д.12, к.1",12,0
0302,"{'Lon': 37.530764, 'Lat': 55.6897298}","пр-т Вернадского, д.11/19",18,0
0303,"{'Lon': 37.5045648, 'Lat': 55.6765135}","пр-т Вернадского, д.14",18,0
0314,"{'Lon': 37.529704, 'Lat': 55.6780815}","Ленинский пр-т, д.86",12,0
0316,"{'Lon': 37.6002317, 'Lat': 55.7210015}","Ленинский пр-т, д.15А",24,0
0340,"{'Lon': 37.6080592, 'Lat': 55.718604}","ул. Шаболовка, д.32 (ст. м. Шаболовская)",24,0
0341,"{'Lon': 37.5943736, 'Lat': 55.7098155}","ул. Орджоникидзе, д.11, стр.1/2",21,0
0513,"{'Lon': 37.56091, 'Lat': 55.78654}","Ленинградский пр-т, д.33, к.1",15,0
0346,"{'Lon': 37.5931, 'Lat': 55.71599}","Ленинский пр-т, д.27",12,0
0347,"{'Lon': 37.5890604, 'Lat': 55.6914923}","ул. Шверника, д.13, к.1",12,0
0348,"{'Lon': 37.5159465, 'Lat': 55.7155927}","ул. Мосфильмовская, д.17/25",12,0
0531,"{'Lon': 37.55366, 'Lat': 55.79435}",Дворцовая аллея (Пл. Космонавта Комарова),15,0
0354,"{'Lon': 37.5072476, 'Lat': 55.7105268}","Ломоносовский пр-т, д.43/40",12,0
0361,"{'Lon': 37.5521608, 'Lat': 55.6846569}","Ломоносовский пр-т, д.2/62, стр.8",12,0
0529,"{'Lon': 37.54917, 'Lat': 55.80034}","ул. Планетная, д.17",15,0
0130,"{'Lon': 37.649046, 'Lat': 55.768248}","Хоромный туп, д.2/6 (ст. м. Красные Ворота)",24,0
0291,"{'Lon': 37.5975719, 'Lat': 55.6464942}","ул. Азовская, напротив д.24",10,0
0288,"{'Lon': 37.5492, 'Lat': 55.66466}","ул. Профсоюзная, д.55",12,0
0253,"{'Lon': 37.59244, 'Lat': 55.73208}","Комсомольский пр-т, д.5/2",12,0
0255,"{'Lon': 37.55135, 'Lat': 55.7612}","ул. Костикова (2-я Звенигородская ул., д.13, стр.42)",24,0
0114,"{'Lon': 37.590813, 'Lat': 55.766245}","ул. Большая Садовая, д.1",12,0
0108,"{'Lon': 37.583633, 'Lat': 55.756668}","Новинский б-р, д.27, стр.2",12,0
0042,"{'Lon': 37.6142074, 'Lat': 55.7584711}","Георгиевский пер., д.2",12,0
0515,"{'Lon': 37.506187, 'Lat': 55.776742}",МЦК Хорошёво,21,0
0259,"{'Lon': 37.5683739, 'Lat': 55.7371931}","Саввинская наб., д.9",21,12
0652,"{'Lon': 37.684929, 'Lat': 55.768817}","2-я Бауманская ул., д.3",12,0
0086,"{'Lon': 37.5916535, 'Lat': 55.7724933}","1-я Тверская-Ямская ул., д.11",15,0
0606,"{'Lon': 37.670731, 'Lat': 55.725931}","1-я Дубровская ул., д.7/10",15,0
0690,"{'Lon': 37.5660673, 'Lat': 55.8818528}","ул. 800-летия Москвы, д.11, к.1",12,0
0296,"{'Lon': 37.4960883, 'Lat': 55.6967984}","Мичуринский пр-т, д.38 (ст. м. Раменки)",10,0
0499,"{'Lon': 37.66318, 'Lat': 55.81387}","4-й Лучевой просек, платформа Маленковская",15,0
0284,"{'Lon': 37.49611, 'Lat': 55.67144}","пр-т Вернадского, д.70А",12,0
0504,"{'Lon': 37.53766, 'Lat': 55.78664}","Ходынский б-р, д.3",15,0
0505,"{'Lon': 37.53099, 'Lat': 55.7822}","ул. Гризодубовой, д.2",15,0
0502,"{'Lon': 37.51299, 'Lat': 55.79227}","3-я Песчаная ул., д.2",21,0
0448,"{'Lon': 37.66064, 'Lat': 55.81372}","Рижский пр., д.8",15,0
0476,"{'Lon': 37.64044, 'Lat': 55.81938}","пр-т Мира, д.142, стр.2 (ст. м. ВДНХ, выход к ул. Кибальчича)",21,0
0456,"{'Lon': 37.6726, 'Lat': 55.77471}","ул. Нижняя Красносельская, д.40/12, к.11",15,0
0426,"{'Lon': 37.57815, 'Lat': 55.78834}","5-я ул. Ямского поля, д.24",15,0
0115,"{'Lon': 37.594487, 'Lat': 55.768127}","Триумфальная пл., д.2 (вход в сад Аквариум)",20,0
0116,"{'Lon': 37.5997612, 'Lat': 55.7708538}","ул. Садовая-Триумфальная, д.4/10",12,0
0392,"{'Lon': 37.513659, 'Lat': 55.717902}","ул. Улофа Пальме, д.1",12,0
0264,"{'Lon': 37.6231799, 'Lat': 55.7290315}","ул. Люсиновская, д.2 (ст. м. Добрынинская)",12,0
0537,"{'Lon': 37.6011372, 'Lat': 55.8142078}","ул. Руставели, д.19 (ст. м. Бутырская)",24,0
0046,"{'Lon': 37.6043076, 'Lat': 55.7657169}","ул. Тверская, д.18",18,0
0539,"{'Lon': 37.714144, 'Lat': 55.794816}","Преображенская пл., д.12 (ст. м. Преображенская площадь)",21,0
0654,"{'Lon': 37.6698876, 'Lat': 55.7655969}","Токмаков пер., д.12/20",15,0
0682,"{'Lon': 37.7434632, 'Lat': 55.6220611}",ст. м. Шипиловская (выход №5),12,0
0278,"{'Lon': 37.62041, 'Lat': 55.69684}","Варшавское ш., д.12",12,0
0280,"{'Lon': 37.62275, 'Lat': 55.68397}","Варшавское ш., д.26 (ст. м. Нагатинская)",12,0
0273,"{'Lon': 37.60075, 'Lat': 55.7107}",ул. Орджоникидзе (напротив д.5),12,0
0533,"{'Lon': 37.602618, 'Lat': 55.798216}","ул. Полковая, д.1, стр.2",12,0
0520,"{'Lon': 37.55936, 'Lat': 55.78894}",ст. м. Динамо (южный выход),21,0
0523,"{'Lon': 37.53124, 'Lat': 55.80132}","Ленинградский пр-т, д.62А (ст. м. Аэропорт, выход в город к ул. Черняховского)",24,0
0279,"{'Lon': 37.4960798, 'Lat': 55.6946806}","Мичуринский пр-т, д.31, к.4",15,0
0281,"{'Lon': 37.49097, 'Lat': 55.68298}","ул. Удальцова, д.40А",15,0
0282,"{'Lon': 37.51531, 'Lat': 55.68228}","пр-т Вернадского, д.12",15,0
0287,"{'Lon': 37.48128, 'Lat': 55.66072}","пр-т Вернадского, д.86Д",15,0
0506,"{'Lon': 37.5198, 'Lat': 55.78611}","пр. Берёзовой Рощи, д.2",15,0
0536,"{'Lon': 37.64784, 'Lat': 55.82637}","пр-т Мира, д.182",15,0
0494,"{'Lon': 37.71148, 'Lat': 55.80138}","ул. Краснобогатырская, д.89",12,0
0535,"{'Lon': 37.64668, 'Lat': 55.82667}","пр-т Мира, д.123",12,0
0292,"{'Lon': 37.5539, 'Lat': 55.66923}","ул. Профсоюзная, д.43 (ст. м. Новые Черёмушки, выход №2)",18,0
0141,"{'Lon': 37.6580268, 'Lat': 55.7569598}","ул. Земляной Вал, д.33",18,0
0604,"{'Lon': 37.665312, 'Lat': 55.7323179}","ул. Воронцовская, д.50 (ст. м. Крестьянская Застава)",15,0
0048,"{'Lon': 37.5943833, 'Lat': 55.7712466}","1-я Тверская-Ямская ул., д.4 (ст. м. Маяковская, выход на 1-ю Тверскую-Ямскую ул.)",18,0
0062,"{'Lon': 37.5977164, 'Lat': 55.7434021}","ул. Пречистенка, д.12/2, стр.1",18,0
0615,"{'Lon': 37.6699924, 'Lat': 55.7394363}","ул. Таганская, д.31/22",12,0
0680,"{'Lon': 37.7456143, 'Lat': 55.6137016}",ст. м. Зябликово (выход №9),12,0
0619,"{'Lon': 37.6878922, 'Lat': 55.7246532}","Волгоградский пр-т, д.32, стр.21 (ст. м. Волгоградский пр-т, выход №2)",15,0
0429,"{'Lon': 37.63324, 'Lat': 55.7904}","ул. Трифоновская, д.61, к.1",12,0
0409,"{'Lon': 37.60179, 'Lat': 55.77851}","ул. Долгоруковская, д.20",24,0
0051,"{'Lon': 37.58883, 'Lat': 55.75285}","ул. Новый Арбат, д.22",12,0
0257,"{'Lon': 37.51768, 'Lat': 55.73511}","ул. Генерала Ермолова, д.4",12,0
0509,"{'Lon': 37.51517, 'Lat': 55.80443}","Ленинградский пр-т, д.73 (ст. м. Сокол, выход №1)",21,0
0524,"{'Lon': 37.5212331, 'Lat': 55.8037654}","Ленинградский пр-т, д.68",12,0
0501,"{'Lon': 37.51401, 'Lat': 55.78389}","ул. Куусинена, д.13",15,0
0041,"{'Lon': 37.634688, 'Lat': 55.754015}",Славянская площадь (напротив д.2),27,0
0052,"{'Lon': 37.6014341, 'Lat': 55.7530475}","Никитский б-р (напротив д.8А/3, стр.1)",12,0
0111,"{'Lon': 37.5848176, 'Lat': 55.7597006}","ул. Садовая-Кудринская, д.1-3а",12,0
0650,"{'Lon': 37.660107, 'Lat': 55.76547}","ул. Старая Басманная, д.15, стр.2 (Сад им. Баумана)",15,0
0687,"{'Lon': 37.5713646, 'Lat': 55.8647675}","ул. Дубнинская, д.12, к.3",12,0
0683,"{'Lon': 37.7426075, 'Lat': 55.626515}","ул. Мусы Джалиля, вл.13а",12,0
0290,"{'Lon': 37.61995, 'Lat': 55.66388}","Варшавское ш., д.58, стр.3",12,0
0285,"{'Lon': 37.51384, 'Lat': 55.67341}","ул. Удальцова, д.6",12,0
0436,"{'Lon': 37.64036, 'Lat': 55.787}","ул. Большая Переяславская, д.15",15,0
0447,"{'Lon': 37.63841, 'Lat': 55.81359}","пр-т Мира, д.122",15,0
0152,"{'Lon': 37.595854, 'Lat': 55.736359}","Турчанинов пер., д.3, стр. 1 (ст. м. Парк Культуры)",12,0
0106,"{'Lon': 37.582947, 'Lat': 55.748114}","Смоленская пл., д.6, стр.1 (рядом со ст. м. Смоленская)",12,0
0158,"{'Lon': 37.6102521, 'Lat': 55.7301022}","ул. Крымский Вал, д.3 (ст. м. Октябрьская)",30,0
0247,"{'Lon': 37.5728133, 'Lat': 55.7403289}","7-й Ростовский пер., д.11",18,0
0069,"{'Lon': 37.610879, 'Lat': 55.7390438}","Якиманская наб., д.2",27,0
0686,"{'Lon': 37.5548583, 'Lat': 55.8712028}","Бескудниковский б-р, д.29, к.1",12,0
0684,"{'Lon': 37.7022624, 'Lat': 55.622981}","ул. Маршала Захарова, д.8, к.1",12,0
0418,"{'Lon': 37.60152, 'Lat': 55.78241}","ул. Сущёвская, д.21, стр.10",12,0
0289,"{'Lon': 37.59469, 'Lat': 55.66734}","Нахимовский пр-т, д.10",12,0
0286,"{'Lon': 37.54503, 'Lat': 55.6734}","ул. Гарибальди, д.20/29, к.2",12,0
0427,"{'Lon': 37.5824392, 'Lat': 55.78876254}","ул. Правды, д.24, стр.4",9,0
0497,"{'Lon': 37.69265, 'Lat': 55.77983}","ул. Бакунинская, д.73, стр.1",12,0
0486,"{'Lon': 37.66289, 'Lat': 55.82139}","ул. Космонавтов, д.19",15,0
0493,"{'Lon': 37.7067, 'Lat': 55.80549}","ул. Краснобогатырская, д.62",12,0
0503,"{'Lon': 37.5272596, 'Lat': 55.7918581}","ул. Авиаконструктора Микояна, д.10",21,0
0220,"{'Lon': 37.567605, 'Lat': 55.727227}","ул. Усачева, д.26 (Усачёвский рынок)",24,24
0110,"{'Lon': 37.584875, 'Lat': 55.75849}","Кудринская пл., д.46/54, стр.1",12,0
0400,"{'Lon': 37.5877702, 'Lat': 55.780759}","2-й Лесной пер., д.11, стр.2",12,0
0543,"{'Lon': 37.70889, 'Lat': 55.78093}","ул. Б. Семёновская, д.32, стр.1",24,0
0688,"{'Lon': 37.5504943, 'Lat': 55.8736631}","Бескудниковский б-р, д.35, стр.1",15,0
0270,"{'Lon': 37.60758, 'Lat': 55.71573}","ул. Шаболовка, д.43, стр.5",12,0
0249,"{'Lon': 37.5370538, 'Lat': 55.7391344}","Кутузовский пр-т, д.35/30",9,0
0507,"{'Lon': 37.5145568, 'Lat': 55.7991006}","ул. Новопесчаная, д.10, стр.1",15,0
0525,"{'Lon': 37.5252605, 'Lat': 55.8112525}","ул. Часовая, д.24, стр.3",12,0
0449,"{'Lon': 37.6468, 'Lat': 55.81665}","ул. Кибальчича, д.9",12,0
0498,"{'Lon': 37.64387, 'Lat': 55.82257}","пр-т Мира, д.150",9,0
0283,"{'Lon': 37.49052, 'Lat': 55.67204}","пр-т Вернадского, д.76А",12,0
0113,"{'Lon': 37.5907248, 'Lat': 55.765695}","ул. Садовая-Кудринская, д.32, стр.2",12,0
0117,"{'Lon': 37.60339, 'Lat': 55.77198}","ул. Садовая-Триумфальная, д.22/31",0,12
0256,"{'Lon': 37.5325169, 'Lat': 55.7391738}","Кутузовский пр-т, д.37 (ст. м. Кутузовская)",24,0
0063,"{'Lon': 37.605304, 'Lat': 55.738605}","Пречистенская наб., д.15, стр.2",21,0
0540,"{'Lon': 37.7188593, 'Lat': 55.7829536}",ст. м. Семёновская,24,0
0045,"{'Lon': 37.596613, 'Lat': 55.769393}","ул. Тверская, д.31/4, стр.2 (ст. м. Маяковская, выход на Тверскую ул.)",18,0
0227,"{'Lon': 37.546261, 'Lat': 55.764887}","Звенигородское ш., д.15/11",12,0
0605,"{'Lon': 37.664271, 'Lat': 55.7311383}","3-й Крутицкий пер., д.13, стр.2 (ст. м. Пролетарская)",24,0
0685,"{'Lon': 37.6946714, 'Lat': 55.6141672}",ст. м. Орехово (выход №3),12,0
0254,"{'Lon': 37.55293, 'Lat': 55.75851}","Шмитовский пр., д.9/5",12,0
0511,"{'Lon': 37.53027, 'Lat': 55.80055}","Ленинградский пр-т, д.49/2 (ст. м. Аэропорт)",21,0
0495,"{'Lon': 37.71599, 'Lat': 55.7907}","ул. Преображенский Вал, д.24, к.3",15,0
0154,"{'Lon': 37.610612, 'Lat': 55.728329}","Ленинский пр-т, д. 4 (у главного входа в МИСИС)",18,0
0239,"{'Lon': 37.5659411, 'Lat': 55.7590698}","Нововаганьковский пер., д.9",12,0
0661,"{'Lon': 37.72517, 'Lat': 55.64333}",Батайский пр. (напротив д.33),15,0
0679,"{'Lon': 37.76707, 'Lat': 55.6319}",ст. м. Алма-Атинская (выход №2),15,0
0667,"{'Lon': 37.79355, 'Lat': 55.63972}","2-й квартал Капотни, д.18",9,0
0468,"{'Lon': 37.56728, 'Lat': 55.84727}","Дмитровское ш., д.63, к.1",9,0
0697,"{'Lon': 37.56033, 'Lat': 55.86409}","Бескудниковский б-р., д.13",9,0
0695,"{'Lon': 37.53887, 'Lat': 55.87313}","Бескудниковский б-р, д.57, к.1",9,0
0496,"{'Lon': 37.57239, 'Lat': 55.82531}","Дмитровское ш., д.25",9,0
0692,"{'Lon': 37.5163, 'Lat': 55.87567}","ул. Ангарская, д.17",9,0
0677,"{'Lon': 37.72217, 'Lat': 55.63532}","ул. Борисовские Пруды (напротив д.19, к.1)",18,0
0663,"{'Lon': 37.73611, 'Lat': 55.6538}","ул. Перерва, д.40",9,0
0664,"{'Lon': 37.74905, 'Lat': 55.65867}","ул. Перерва, д.56, к.2 (ст. м. Братиславская, выход №3)",18,0
0665,"{'Lon': 37.76145, 'Lat': 55.65631}","ул. Братиславская, д.20",9,0
0614,"{'Lon': 37.67832, 'Lat': 55.75699}","ул. Самокатная, д.4, стр.8",9,0
0681,"{'Lon': 37.73058, 'Lat': 55.61283}","ул. Елецкая, вл.1А (перекрёсток Орехового б-ра и Елецкой ул.)",9,0
0088,"{'Lon': 37.64619, 'Lat': 55.7409}","Котельническая наб., (напротив д.33)",12,0
0508,"{'Lon': 37.50749, 'Lat': 55.78931}","ул. Зорге, д.21, стр.3 (МЦК Зорге)",12,0
0620,"{'Lon': 37.67619, 'Lat': 55.71313}",МЦК Дубровка (выход №2),12,0
0722,"{'Lon': 37.69418, 'Lat': 55.67803}","ул. Коломенская, д.21",12,0
0706,"{'Lon': 37.58425, 'Lat': 55.79342}","ул. Бутырская, д.5 (ст. м. Савёловская, выход №7)",12,0
0708,"{'Lon': 37.56821, 'Lat': 55.81166}","ул. Тимирязевская, д.10/12",12,0
0720,"{'Lon': 37.60404, 'Lat': 55.78785}","ул. Новосущёвская, д.22, стр.2",12,0
0734,"{'Lon': 37.579917, 'Lat': 55.807813}","ул. Бутырская, д.97 (ст. м. Дмитровская, выход №2)",12,0
0721,"{'Lon': 37.65773, 'Lat': 55.74729}","ул. Николоямская, д.33, стр.1",12,0
0740,"{'Lon': 37.74381, 'Lat': 55.6434}","Батайский пр., д.65",12,0
0771,"{'Lon': 37.5334, 'Lat': 55.74846}","ул. Тестовская, д.18 (ст. м. Международная)",12,0
0700,"{'Lon': 37.61948, 'Lat': 55.83256}","пр-т Мира, д.119, стр.23 (у Москвариума)",24,24
0770,"{'Lon': 37.58131, 'Lat': 55.79685}","ул. Вятская, д.27, стр.15",0,12
0776,"{'Lon': 37.36941, 'Lat': 55.59385}","Московский, ул. Радужная, д.1",30,0
0705,"{'Lon': 37.63073, 'Lat': 55.80808}","ул. Годовикова, д.9, стр.14",12,0
0275,"{'Lon': 37.48227, 'Lat': 55.70524}","ул. Матвеевская, вл.2 (ст. Матвеевская)",12,0
0617,"{'Lon': 37.71587, 'Lat': 55.75161}","ш. Энтузиастов, д.15/16 (ст. м. Авиамоторная, выход к ул. Красноказарменная)",12,0
0674,"{'Lon': 37.65011, 'Lat': 55.65585}",ст. м. Каширская (северный вестибюль),21,0
0238,"{'Lon': 37.57995, 'Lat': 55.74603}","ул. Смоленская, д.8",0,18
0454,"{'Lon': 37.57197, 'Lat': 55.83351}","Дмитровское ш., д.43, к.1 (ст. м. Петровско-Разумовская, выход №5)",18,0
0242,"{'Lon': 37.47951, 'Lat': 55.70916}","ул. Веерная, д.30, к.1",12,0
0295,"{'Lon': 37.45159, 'Lat': 55.67135}","ул. Озёрная, д.31, к.3 (ст. м. Озёрная, выход №4)",20,0
0689,"{'Lon': 37.5575, 'Lat': 55.87977}","ул. 800-летия Москвы, д.22, к.2",9,0
0546,"{'Lon': 37.49285, 'Lat': 55.79358}","ул. Народного Ополчения, д.47, к.1, стр.1",9,0
0297,"{'Lon': 37.46851, 'Lat': 55.6744}","Мичуринский пр-т, Олимпийская Деревня, д.4, к.2",9,0
0298,"{'Lon': 37.47848, 'Lat': 55.67008}","пр-т Вернадского, д.78, стр.4",9,0
0299,"{'Lon': 37.46636, 'Lat': 55.66533}","ул. Академика Анохина, д.12, к.2",9,0
0514,"{'Lon': 37.47528, 'Lat': 55.77585}","пр-т Маршала Жукова, д.28",9,0
0516,"{'Lon': 37.45492, 'Lat': 55.77961}","пр-т Маршала Жукова, д.70, к.1 (перекрёсток с ул. Живописной)",9,0
0519,"{'Lon': 37.46338, 'Lat': 55.78494}","ул. Генерала Глаголева, д.21",9,0
0666,"{'Lon': 37.77215, 'Lat': 55.65671}","Перервинский б-р, д.21, к.1",9,0
0612,"{'Lon': 37.6827, 'Lat': 55.74883}","ул. Золоторожский Вал, д.11, стр.1",9,0
0609,"{'Lon': 37.67151, 'Lat': 55.7465}","ул. Сергия Радонежского, д.2",9,0
0611,"{'Lon': 37.67847, 'Lat': 55.74661}",ст. м. Площадь Ильича (выход №3),9,0
0701,"{'Lon': 37.76195, 'Lat': 55.64783}","ул. Поречная, д.17/22",12,0
0775,"{'Lon': 37.55264, 'Lat': 55.60199}",ст. м. Новоясеневская (выход №3),12,0
0752,"{'Lon': 37.5814, 'Lat': 55.76022}",ст. м. Баррикадная,14,0
0694,"{'Lon': 37.53481, 'Lat': 55.88628}","ул. Софьи Ковалевской, д.16",9,0
0293,"{'Lon': 37.4617, 'Lat': 55.68626}","ул. Большая Очаковская, д.7",12,0
0696,"{'Lon': 37.54805, 'Lat': 55.8657}",ст. м. Селигерская (выход №3),18,0
0698,"{'Lon': 37.58773, 'Lat': 55.88003}","Алтуфьевское ш., д.56",15,0
0541,"{'Lon': 37.48143, 'Lat': 55.78257}","ул. Народного Ополчения, д.28, к.1",12,0
0266,"{'Lon': 37.46233, 'Lat': 55.70891}","ул. Нежинская, д.25",9,0
0269,"{'Lon': 37.45839, 'Lat': 55.7034}","ул. Матвеевская, д.9",9,0
0274,"{'Lon': 37.46402, 'Lat': 55.70282}","ул. Матвеевская, д.24",9,0
0518,"{'Lon': 37.45657, 'Lat': 55.78401}","ул. Живописная, д.12, к.1",12,0
0544,"{'Lon': 37.50148, 'Lat': 55.78874}","3-я Хорошевская ул., д.24, стр.1",9,0
0294,"{'Lon': 37.45168, 'Lat': 55.68242}","ул. Наташи Ковшовой, д.6А",9,0
0676,"{'Lon': 37.69524, 'Lat': 55.63717}","Каширское ш., д.57, к.1",9,0
0678,"{'Lon': 37.74343, 'Lat': 55.63211}",ст. м. Борисово (выход №1),18,0
0061,"{'Lon': 37.60565, 'Lat': 55.76949}","Малая Дмитровка, 15",12,0
0621,"{'Lon': 37.65401, 'Lat': 55.70512}","ул. Автозаводская, д. 17",12,0
0623,"{'Lon': 37.66183, 'Lat': 55.73764}","ул. Марксистская, д.22, стр.1",12,0
0723,"{'Lon': 37.67802, 'Lat': 55.67616}","ул. Новинки, д.31",12,0
0738,"{'Lon': 37.67729, 'Lat': 55.64383}","Каширское ш., д.45, стр.21",12,0
0709,"{'Lon': 37.55876, 'Lat': 55.82326}","ул. Тимирязевская, д.38/25",12,0
0729,"{'Lon': 37.71649, 'Lat': 55.6508}","ул. Донецкая, д.10",12,0
0731,"{'Lon': 37.72204, 'Lat': 55.6471}","Новочеркасский б-р, д.7",12,0
0732,"{'Lon': 37.72961, 'Lat': 55.64718}","Новочеркасский б-р, д.11",12,0
0703,"{'Lon': 37.56601, 'Lat': 55.75276}","наб. Тараса Шевченко, д.2/1",12,0
0796,"{'Lon': 37.85112, 'Lat': 55.70349}",ст. м. Косино (выход №7),12,0
0798,"{'Lon': 37.89681, 'Lat': 55.70968}","ул. Дмитриевского, д.23 (ст. м. Лухмановская, выход №3)",12,0
0799,"{'Lon': 37.92649, 'Lat': 55.70344}",ст. м. Некрасовка (выход №6),12,0
0778,"{'Lon': 37.40388, 'Lat': 55.59982}",ст. м. Филатов Луг (выход №2),24,0
0713,"{'Lon': 37.55928, 'Lat': 55.85763}",ст. м. Верхние Лихоборы (вход №1),15,0
0718,"{'Lon': 37.59272, 'Lat': 55.77937}","2-я Миусская ул., д.20, стр.3",18,15
0545,"{'Lon': 37.4931, 'Lat': 55.79296}","ул. Народного Ополчения, д.46, к.1",9,0
0672,"{'Lon': 37.66486, 'Lat': 55.6769}","пр-т Андропова, д.27 (ст. м. Коломенская, выход №2)",21,0
0675,"{'Lon': 37.66798, 'Lat': 55.64735}","Каширское ш., д.33, к.17",9,0
0699,"{'Lon': 37.60077, 'Lat': 55.8846}","ул. Костромская, д.17 (ст. м. Бибирево, выход №2)",12,0
0467,"{'Lon': 37.57578, 'Lat': 55.84592}","Гостиничный пр., д.8",9,0
0258,"{'Lon': 37.46964, 'Lat': 55.70852}","ул. Нежинская, д.13",12,0
0693,"{'Lon': 37.52396, 'Lat': 55.88651}","ул. Ангарская, д.69",9,0
0670,"{'Lon': 37.63913, 'Lat': 55.67987}","ул. Нагатинская, д.11, к.1",9,0
0660,"{'Lon': 37.70712, 'Lat': 55.64404}","ул. Донецкая, д.35",9,0
0662,"{'Lon': 37.74365, 'Lat': 55.64928}","ул. Люблинская, д.112а, стр.3 (ст. м. Марьино)",15,0
0671,"{'Lon': 37.67557, 'Lat': 55.68116}","ул. Судостроительная, д.14/16",9,0
0673,"{'Lon': 37.66078, 'Lat': 55.66864}","пр-т Андропова, д.50, к.1",9,0
0618,"{'Lon': 37.70932, 'Lat': 55.75779}","ул. Энергетическая, д.16, к.1",12,0
0277,"{'Lon': 37.61932, 'Lat': 55.68961}",МЦК Верхние Котлы,18,0
0517,"{'Lon': 37.44567, 'Lat': 55.77971}","ул. Таманская, остановка Водная станция Труд",12,0
0087,"{'Lon': 37.64112, 'Lat': 55.74625}","Котельническая наб., д.1/15, стр.10",12,0
0147,"{'Lon': 37.647831, 'Lat': 55.737643}","Гончарная наб., д.3, стр.3",12,0
0366,"{'Lon': 37.49824, 'Lat': 55.7236}",ст. м. Минская (выход №1),15,0
0724,"{'Lon': 37.74715, 'Lat': 55.63053}","ул. Мусы Джалиля (напротив д.5, к.4)",12,0
0736,"{'Lon': 37.68621, 'Lat': 55.63992}","Каширское ш., ост. МЦД Москворечье",12,0
0710,"{'Lon': 37.60558, 'Lat': 55.86426}",ст. м. Отрадное (выход №2),12,0
0716,"{'Lon': 37.52275, 'Lat': 55.87869}","Коровинское ш., д. 20 к.1",12,0
0774,"{'Lon': 37.53518, 'Lat': 55.60542}",ст. м. Ясенево (выход №3),12,0
0794,"{'Lon': 37.86258, 'Lat': 55.74409}",ст. м. Новокосино (выход №3),12,0
0797,"{'Lon': 37.87958, 'Lat': 55.71085}",ст. м. Улица Дмитриевского (выход №3),15,0
0885,"{'Lon': 37.48219, 'Lat': 55.66313}",ст. м. Юго-Западная (выход №4),15,0
0560,"{'Lon': 37.5176, 'Lat': 55.73667}","пл. Победы, д.2, к.2 (ст. м. Парк Победы, выход №1)",15,0
0899,"{'Lon': 37.53336, 'Lat': 55.53796}","ул. Южнобутовская, д.50, стр.1",15,0
0766,"{'Lon': 37.54917, 'Lat': 55.80591}","ул. 8 Марта, д.17 (МЦД Гражданская)",15,0
0828,"{'Lon': 37.49941, 'Lat': 55.818}","ул. Зои и Александра Космодемьянских, д.9 (ст. м. Войковская, выход №6)",15,0
0832,"{'Lon': 37.5494, 'Lat': 55.84072}","ул. Большая Академическая, д.71",15,0
0835,"{'Lon': 37.52054, 'Lat': 55.84866}","ул. Онежская, д.9/4, к.А",15,0
0841,"{'Lon': 37.47375, 'Lat': 55.86467}",ст. м. Беломорская (выход №1),15,0
0842,"{'Lon': 37.50401, 'Lat': 55.8621}","ул. Фестивальная, д.69",15,0
0809,"{'Lon': 37.54483, 'Lat': 55.774}",ст. м. Беговая (выход №2),15,0
0552,"{'Lon': 37.48275, 'Lat': 55.81051}","ул. Щукинская, д.2",15,0
0550,"{'Lon': 37.46573, 'Lat': 55.80797}","ул. Маршала Василевского, напротив д.15 (ст. м. Щукинская, выход №3)",15,0
0767,"{'Lon': 37.56467, 'Lat': 55.80128}","Петровско-Разумовский пр., д.23, стр.2",15,0
0547,"{'Lon': 37.49858, 'Lat': 55.79725}","ул. Народного Ополчения, д.2, к.8 (МЦК Панфиловская, выход №1)",15,0
0780,"{'Lon': 37.63941, 'Lat': 55.84681}",ст. м. Ботанический сад (выход №3),15,0
0854,"{'Lon': 37.67215, 'Lat': 55.88754}","ул. Широкая, д.21",15,0
0853,"{'Lon': 37.66159, 'Lat': 55.88779}",ст. м. Медведково (выход №1),15,0
0725,"{'Lon': 37.70651, 'Lat': 55.68466}","ул. Коломенская, д.3",15,0
0726,"{'Lon': 37.67252, 'Lat': 55.68638}",Нагатинская наб. (напротив д.40),15,0
0730,"{'Lon': 37.62603, 'Lat': 55.69697}","Новоданиловская наб., д.10",15,0
0622,"{'Lon': 37.68803, 'Lat': 55.70136}","2-й Южнопортовый пр-д, д.12А, к.1, стр.1",15,0
0616,"{'Lon': 37.68568, 'Lat': 55.70632}",ст. м. Кожуховская,15,0
0825,"{'Lon': 37.40715, 'Lat': 55.80012}","ул. Таллинская, д.26",15,0
0827,"{'Lon': 37.39323, 'Lat': 55.79651}","ул. Твардовского, д.3, к.1",15,0
0812,"{'Lon': 37.56667, 'Lat': 55.78929}","Ленинградский пр-т, д.36, стр.38",15,0
0753,"{'Lon': 37.57638, 'Lat': 55.754515}","Б. Девятинский пер., д.9 (остановка «Площадь Свободной России"")",15,0
0562,"{'Lon': 37.51421, 'Lat': 55.74664}","Багратионовский пр-д (ст. м. Фили, выходы 1-2)",15,0
0570,"{'Lon': 37.4834, 'Lat': 55.73884}","ст. м. Филёвский парк (выход №1, напротив ул. Минская д.14А)",15,0
0566,"{'Lon': 37.4984, 'Lat': 55.74341}","ул. Барклая, д.10 (ст. м. Багратионовская)",15,0
0576,"{'Lon': 37.46173, 'Lat': 55.73228}","ул. Кастанаевская, д.49",15,0
0574,"{'Lon': 37.46714, 'Lat': 55.73649}","ул. Малая Филёвская, д.13",15,0
0894,"{'Lon': 37.58502, 'Lat': 55.56935}","ул. Старокачаловская, д.1Б",15,0
0893,"{'Lon': 37.57792, 'Lat': 55.57024}",ст. м. Улица Старокачаловская (выход №9),15,0
0555,"{'Lon': 37.56251, 'Lat': 55.74268}",ул. Киевская (напротив д.2),15,0
0786,"{'Lon': 37.69134, 'Lat': 55.74777}","Шоссе Энтузиастов, д.3, к.1",15,0
0790,"{'Lon': 37.75342, 'Lat': 55.72745}",ст. м. Стахановская (выход №2),15,0
0791,"{'Lon': 37.77133, 'Lat': 55.72623}","ул. Михайлова, д.29, к.1",15,0
0824,"{'Lon': 37.4088, 'Lat': 55.80244}","ул. Таллинская, д.34",15,0
0763,"{'Lon': 37.59187, 'Lat': 55.80305}","ул. Новодмитровская, д.2, к.7",0,21
0890,"{'Lon': 37.605, 'Lat': 55.61113}",ст. м. Пражская (выход №2),15,0
0856,"{'Lon': 37.58652, 'Lat': 55.89899}",ст. м. Алтуфьево (выход №1),15,0
0857,"{'Lon': 37.55372, 'Lat': 55.89751}","Лианозовский пр-д, вл.1Г, (ст. МЦД Лианозово)",15,0
0855,"{'Lon': 37.58545, 'Lat': 55.89}","ул. Илимская, д.12",15,0
0870,"{'Lon': 37.65125, 'Lat': 55.85475}","ул. Снежная, д.21/1 (ст. м. Свиблово, выход №5)",15,0
0869,"{'Lon': 37.66162, 'Lat': 55.86494}","ул. Енисейская, д.11",15,0
0831,"{'Lon': 37.53122, 'Lat': 55.83166}","ул. Большая Академическая, д.35,  стр.1",15,0
0704,"{'Lon': 37.76008, 'Lat': 55.6739}","ул. Совхозная, д.39",15,0
0669,"{'Lon': 37.78244, 'Lat': 55.66737}","ул. Краснодарская, д.76",15,0
0668,"{'Lon': 37.72052, 'Lat': 55.66004}","ул. Иловайская (напротив д.12, стр.1) ст. МЦД Перерва",15,0
0702,"{'Lon': 37.74736, 'Lat': 55.67286}","ул. Судакова, д.11, стр.2",15,0
0808,"{'Lon': 37.50913, 'Lat': 55.7626}","Шелепихинская наб., д.34, к.2",15,0
0815,"{'Lon': 37.52289, 'Lat': 55.75833}","Шелепихинское ш., д.13 (ст. м. Шелепиха, выход №4)",15,0
0840,"{'Lon': 37.47143, 'Lat': 55.86294}","ул. Беломорская, д.16А",0,24
0437,"{'Lon': 37.63723, 'Lat': 55.81863}","пр-т Мира, д.109",15,0
0655,"{'Lon': 37.70556, 'Lat': 55.76438}","ул. Солдатская, д.15",15,0
0801,"{'Lon': 37.49043, 'Lat': 55.69037}","ул. Раменки, д.16",15,0
0768,"{'Lon': 37.58433, 'Lat': 55.80532}","ул. Большая Новодмитровская, д.36, стр.9",15,0
0707,"{'Lon': 37.58911, 'Lat': 55.7937}",ст. м. Савёловская (выход №2),15,0
0769,"{'Lon': 37.57535, 'Lat': 55.80087}","ул. Башиловская, д.21",15,0
0830,"{'Lon': 37.49378, 'Lat': 55.82558}",МЦК Балтийская (выход №1),15,0
0836,"{'Lon': 37.51113, 'Lat': 55.85138}","Кронштадский б-р, д.47",15,0
0837,"{'Lon': 37.50115, 'Lat': 55.84422}","ул. Смольная, д.2",15,0
0548,"{'Lon': 37.48185, 'Lat': 55.7997}","ул. Маршала Бирюзова, д.32",15,0
0838,"{'Lon': 37.48628, 'Lat': 55.84052}",ст. м. Водный Стадион (выход №1),15,0
0868,"{'Lon': 37.66412, 'Lat': 55.87007}","ул. Менжинского, д.36 (ст. м. Бабушкинская, выход №2)",15,0
0852,"{'Lon': 37.64815, 'Lat': 55.88808}","ул. Широкая, д.1, к.1",15,0
0728,"{'Lon': 37.667, 'Lat': 55.69425}","пр-т Андропова, д.1 (ст. м. Технопарк, выход №8)",15,0
0895,"{'Lon': 37.57532, 'Lat': 55.56656}","Б-р Дмитрия Донского, д.10",15,0
0896,"{'Lon': 37.5657, 'Lat': 55.54714}","ул. Изюмская, д.47",15,0
0898,"{'Lon': 37.54114, 'Lat': 55.54498}",ст. м. Бульвар Адмирала Ушакова,15,0
0792,"{'Lon': 37.77319, 'Lat': 55.72126}","Рязанский пр-т, д.24, к.1",15,0
0850,"{'Lon': 37.63701, 'Lat': 55.87102}","пр-д Дежнёва, д.20",15,0
0851,"{'Lon': 37.63713, 'Lat': 55.879}","ул. Полярная, д.20",15,0
0810,"{'Lon': 37.52493, 'Lat': 55.75685}",МЦК Шелепиха,15,0
0866,"{'Lon': 37.66673, 'Lat': 55.87508}","Староватутинский пр-д, д.14",15,0
0793,"{'Lon': 37.76128, 'Lat': 55.7254}","Рязанский пр-т, д.12",15,0
0765,"{'Lon': 37.58558, 'Lat': 55.81483}","ул. Гончарова, 4",15,0
0805,"{'Lon': 37.40005, 'Lat': 55.80397}","Строгинский б-р, д.14, к.3 (ст. м. Строгино, выход №2)",15,0
0579,"{'Lon': 37.50201, 'Lat': 55.74093}","ул. Барклая, д.8",15,0
0563,"{'Lon': 37.5096, 'Lat': 55.75066}","ул. Новозаводская, д.6",15,0
0568,"{'Lon': 37.4906, 'Lat': 55.73931}","2-я Филёвская ул., д.14",15,0
0578,"{'Lon': 37.44703, 'Lat': 55.72619}","ул. Алексея Свиридова, д.22, стр.1 (МЦД Кунцево)",15,0
0800,"{'Lon': 37.48332, 'Lat': 55.68946}","ст. м. Мичуринский проспект, выход №2",15,0
0814,"{'Lon': 37.53238, 'Lat': 55.75252}",МЦД Тестовская (выход №2),15,0
0897,"{'Lon': 37.5537, 'Lat': 55.54772}",ст. м. Улица Скобелевская (выход №1),15,0
0886,"{'Lon': 37.61299, 'Lat': 55.65143}","Чонгарский б-р, д.7",0,21
0575,"{'Lon': 37.4724, 'Lat': 55.73088}","ул. Герасима Курина, д.16 (ст. м. Славянский бульвар, выход №2)",15,0
0572,"{'Lon': 37.47549, 'Lat': 55.734944}","ул. Кастанаевсая, д.42А",15,0
0569,"{'Lon': 37.50094, 'Lat': 55.74917}","ул. Большая Филевская, д.18",15,0
0577,"{'Lon': 37.44744, 'Lat': 55.73121}",ст.м. Кунцевская (выход №2),15,0
0580,"{'Lon': 37.47411, 'Lat': 55.72751}","Славянский б-р, д.3",15,0
0558,"{'Lon': 37.54828, 'Lat': 55.73902}","ул. Киевская, д.18, стр.1 (ст. м. Студенческая)",15,0
0788,"{'Lon': 37.73179, 'Lat': 55.73075}","Рязанский пр-т, д.2/2, ст. м. Нижегородская (выход №3)",15,0
0789,"{'Lon': 37.73601, 'Lat': 55.72863}","Рязанский пр-т, д.2/1, к.2Г",15,0
0795,"{'Lon': 37.78222, 'Lat': 55.71925}",ст. м. Окская (выход №3),15,0
0822,"{'Lon': 37.39836, 'Lat': 55.81115}","ул. Кулакова, д.9",15,0
0818,"{'Lon': 37.41832, 'Lat': 55.80766}","ул. Исаковского, д.27, к.1",15,0
0764,"{'Lon': 37.58956, 'Lat': 55.80478}","ул. Новодмитровская, д.2, к.1",15,0
0565,"{'Lon': 37.50917, 'Lat': 55.74482}","Багратионовский пр., д.5",15,0
0867,"{'Lon': 37.66497, 'Lat': 55.86991}","ул. Менжинского, д.32  (ст. м. Бабушкинская, выход №4)",15,0
0584,"{'Lon': 37.40886, 'Lat': 55.75543}","Станция метро ""Крылатское"" (выход №5)",15,0
0235,"{'Lon': 37.57796, 'Lat': 55.76574}","ул. Большая Грузинская, д.13А, стр.1",15,0
0887,"{'Lon': 37.61109, 'Lat': 55.62784}","ул. Кировоградская, д.8, к.3",15,0
0888,"{'Lon': 37.60857, 'Lat': 55.62341}","ст. м. ""Южная"" (выход №5)",15,0
0889,"{'Lon': 37.59509, 'Lat': 55.62395}","ул. Чертановская, д.22",15,0
0735,"{'Lon': 37.74873, 'Lat': 55.68064}","ул. Ставропольская, вл.16",15,0
0737,"{'Lon': 37.73776, 'Lat': 55.68461}","ул. Люблинская, д.61",15,0
0733,"{'Lon': 37.76336, 'Lat': 55.67685}",ст. м. Люблино (выход №6),15,0
0653,"{'Lon': 37.68756, 'Lat': 55.7615}","ул. Красноказарменная, д.1, стр.2",15,0
0739,"{'Lon': 37.75604, 'Lat': 55.69067}",ст. м. Волжская (выход №2),15,0
0839,"{'Lon': 37.46812, 'Lat': 55.85115}","Ленинградское ш., д.51",24,0
0844,"{'Lon': 37.5821, 'Lat': 55.87918}","ул. Инженерная, д.1",0,30
0829,"{'Lon': 37.51726, 'Lat': 55.82275}","ул. Зои и Александра Космодемьянских, д.23",0,18
0843,"{'Lon': 37.4775, 'Lat': 55.85486}","ул. Фестивальная, д.2Б (ст. м. Речной вокзал, выход №2)",0,21
0557,"{'Lon': 37.54636, 'Lat': 55.74616}","наб. Тараса Шевченко, д.23А",15,0
0773,"{'Lon': 37.53318, 'Lat': 55.60306}","ул. Ясногорская, д.17, к.1",15,0
0556,"{'Lon': 37.54435, 'Lat': 55.7434}","Кутузовский пр-т, д.29",15,0
0781,"{'Lon': 37.64704, 'Lat': 55.85221}","ул. Снежная, д.18",15,0
0583,"{'Lon': 37.41142, 'Lat': 55.75073}","Рублёвское ш., д.42",15,0
0559,"{'Lon': 37.53601, 'Lat': 55.74086}","Кутузовский пр-т, д.30",15,0
0199,"{'Lon': 37.57763, 'Lat': 55.72448}","Комсомольский пр-т, д.34",0,15
0582,"{'Lon': 37.42109, 'Lat': 55.7462}","Рублёвское ш., д.28, к.1",15,0
0103,"{'Lon': 37.58997, 'Lat': 55.73741}","Зубовский б-р, д.4, стр.1",18,0
0197,"{'Lon': 37.66281, 'Lat': 55.7538}","2-й Сыромятнический пер., д.1",0,15
0585,"{'Lon': 37.46362, 'Lat': 55.7195}","Кременчугская ул., д.11, стр. 8",15,0
0865,"{'Lon': 37.63701, 'Lat': 55.87102}","пр-д Дежнёва, д.2А",15,0
0581,"{'Lon': 37.43298, 'Lat': 55.7401}","Рублёвское ш., д.16",15,0
0741,"{'Lon': 37.76451, 'Lat': 55.68195}","ул. Ставропольская, д.27, стр.1",15,0
0858,"{'Lon': 37.60484, 'Lat': 55.89765}","ул. Лескова, д.14",0,24
0196,"{'Lon': 37.66685, 'Lat': 55.75336}","ул. Нижняя Сыромятническая, д.10, к.10",0,18
0198,"{'Lon': 37.66024, 'Lat': 55.75626}",Площадь Курского вокзала,0,21
